id	created_at	name	name_long	type	iso_n3	iso_a2	continent	income_grp	economy	subregion	folder
1	2024-09-11 16:16:09.249553+00	Indian Ocean Ter.	Indian Ocean Territories	Dependency	98	XO	Asia	2. High income: nonOECD	2. Developed region: nonG7	Seven seas (open ocean)	Oceans
2	2024-09-11 16:16:09.249553+00	Siachen Glacier	Siachen Glacier	Indeterminate	-99	-99	Asia	4. Lower middle income	6. Developing region	Southern Asia	
3	2024-09-11 16:16:09.249553+00	Kosovo	Kosovo	Sovereign country	097	KV	Europe	4. Lower middle income	6. Developing region	Southern Europe	Europe
4	2024-09-11 16:16:09.249553+00	Somaliland	Somaliland	Indeterminate	-99	-99	Africa	4. Lower middle income	6. Developing region	Eastern Africa	Africa
5	2024-09-11 16:16:09.249553+00	N. Cyprus	Northern Cyprus	Sovereign country	-99	-99	Asia	3. Upper middle income	6. Developing region	Western Asia	
6	2024-09-11 16:16:09.249553+00	Ashmore and Cartier Is.	Ashmore and Cartier Islands	Dependency	037	AT	Oceania	5. Low income	7. Least developed region	Australia and New Zealand	Australia-Oceania
7	2024-09-11 16:16:09.249553+00	Aruba	Aruba	Country	533	AA	North America	2. High income: nonOECD	6. Developing region	Caribbean	Central-America-n-Caribbean
8	2024-09-11 16:16:09.249553+00	Afghanistan	Afghanistan	Sovereign country	004	AF	Asia	5. Low income	7. Least developed region	Southern Asia	South-Asia
9	2024-09-11 16:16:09.249553+00	Angola	Angola	Sovereign country	024	AO	Africa	3. Upper middle income	7. Least developed region	Middle Africa	Africa
10	2024-09-11 16:16:09.249553+00	Anguilla	Anguilla	Dependency	660	AV	North America	3. Upper middle income	6. Developing region	Caribbean	Central-America-n-Caribbean
11	2024-09-11 16:16:09.249553+00	Aland	Aland Islands	Country	248	AX	Europe	1. High income: OECD	2. Developed region: nonG7	Northern Europe	Europe
12	2024-09-11 16:16:09.249553+00	Albania	Albania	Sovereign country	008	AL	Europe	4. Lower middle income	6. Developing region	Southern Europe	Europe
13	2024-09-11 16:16:09.249553+00	Andorra	Andorra	Sovereign country	20	AN	Europe	2. High income: nonOECD	2. Developed region: nonG7	Southern Europe	Europe
14	2024-09-11 16:16:09.249553+00	United Arab Emirates	United Arab Emirates	Sovereign country	784	AE	Asia	2. High income: nonOECD	6. Developing region	Western Asia	Middle-East
15	2024-09-11 16:16:09.249553+00	Argentina	Argentina	Sovereign country	032	AR	South America	3. Upper middle income	5. Emerging region: G20	South America	South-America
16	2024-09-11 16:16:09.249553+00	Armenia	Armenia	Sovereign country	51	AM	Asia	4. Lower middle income	6. Developing region	Western Asia	Middle-East
17	2024-09-11 16:16:09.249553+00	American Samoa	American Samoa	Dependency	16	AQ	Oceania	3. Upper middle income	6. Developing region	Polynesia	Australia-Oceania
18	2024-09-11 16:16:09.249553+00	Antarctica	Antarctica	Indeterminate	011	AY	Antarctica	2. High income: nonOECD	6. Developing region	Antarctica	Antarctica
19	2024-09-11 16:16:09.249553+00	Fr. S. Antarctic Lands	French Southern and Antarctic Lands	Dependency	260	FS	Seven seas (open ocean)	2. High income: nonOECD	6. Developing region	Seven seas (open ocean)	Antarctica
20	2024-09-11 16:16:09.249553+00	Antigua and Barb.	Antigua and Barbuda	Sovereign country	28	AC	North America	3. Upper middle income	6. Developing region	Caribbean	Central-America-n-Caribbean
21	2024-09-11 16:16:09.249553+00	Australia	Australia	Country	036	AS	Oceania	1. High income: OECD	2. Developed region: nonG7	Australia and New Zealand	Australia-Oceania
22	2024-09-11 16:16:09.249553+00	Austria	Austria	Sovereign country	041	AU	Europe	1. High income: OECD	2. Developed region: nonG7	Western Europe	Europe
23	2024-09-11 16:16:09.249553+00	Azerbaijan	Azerbaijan	Sovereign country	31	AJ	Asia	3. Upper middle income	6. Developing region	Western Asia	Middle-East
24	2024-09-11 16:16:09.249553+00	Burundi	Burundi	Sovereign country	108	BY	Africa	5. Low income	7. Least developed region	Eastern Africa	Africa
25	2024-09-11 16:16:09.249553+00	Belgium	Belgium	Sovereign country	056	BE	Europe	1. High income: OECD	2. Developed region: nonG7	Western Europe	Europe
26	2024-09-11 16:16:09.249553+00	Benin	Benin	Sovereign country	204	BN	Africa	5. Low income	7. Least developed region	Western Africa	Africa
27	2024-09-11 16:16:09.249553+00	Burkina Faso	Burkina Faso	Sovereign country	854	UV	Africa	5. Low income	7. Least developed region	Western Africa	Africa
28	2024-09-11 16:16:09.249553+00	Bangladesh	Bangladesh	Sovereign country	050	BG	Asia	5. Low income	7. Least developed region	Southern Asia	South-Asia
29	2024-09-11 16:16:09.249553+00	Bulgaria	Bulgaria	Sovereign country	100	BU	Europe	3. Upper middle income	2. Developed region: nonG7	Eastern Europe	Europe
30	2024-09-11 16:16:09.249553+00	Bahrain	Bahrain	Sovereign country	48	BA	Asia	2. High income: nonOECD	6. Developing region	Western Asia	Middle-East
31	2024-09-11 16:16:09.249553+00	Bahamas	Bahamas	Sovereign country	44	BF	North America	2. High income: nonOECD	6. Developing region	Caribbean	Central-America-n-Caribbean
32	2024-09-11 16:16:09.249553+00	Bosnia and Herz.	Bosnia and Herzegovina	Sovereign country	070	BK	Europe	3. Upper middle income	6. Developing region	Southern Europe	Europe
33	2024-09-11 16:16:09.249553+00	St-Barthélemy	Saint-Barthélemy	Dependency	652	TB	North America	1. High income: OECD	2. Developed region: nonG7	Caribbean	Central-America-n-Caribbean
34	2024-09-11 16:16:09.249553+00	Belarus	Belarus	Sovereign country	112	BO	Europe	3. Upper middle income	6. Developing region	Eastern Europe	Europe
35	2024-09-11 16:16:09.249553+00	Belize	Belize	Sovereign country	084	BH	North America	4. Lower middle income	6. Developing region	Central America	Central-America-n-Caribbean
36	2024-09-11 16:16:09.249553+00	Bermuda	Bermuda	Dependency	60	BD	North America	2. High income: nonOECD	2. Developed region: nonG7	Northern America	North-America
37	2024-09-11 16:16:09.249553+00	Bolivia	Bolivia	Sovereign country	068	BL	South America	4. Lower middle income	5. Emerging region: G20	South America	South-America
38	2024-09-11 16:16:09.249553+00	Brazil	Brazil	Sovereign country	076	BR	South America	3. Upper middle income	3. Emerging region: BRIC	South America	South-America
39	2024-09-11 16:16:09.249553+00	Barbados	Barbados	Sovereign country	52	BB	North America	2. High income: nonOECD	6. Developing region	Caribbean	Central-America-n-Caribbean
40	2024-09-11 16:16:09.249553+00	Brunei	Brunei Darussalam	Sovereign country	96	BX	Asia	2. High income: nonOECD	6. Developing region	South-Eastern Asia	East-n-Southeast-Asia
41	2024-09-11 16:16:09.249553+00	Bhutan	Bhutan	Sovereign country	064	BT	Asia	4. Lower middle income	7. Least developed region	Southern Asia	South-Asia
42	2024-09-11 16:16:09.249553+00	Botswana	Botswana	Sovereign country	072	BC	Africa	3. Upper middle income	6. Developing region	Southern Africa	Africa
43	2024-09-11 16:16:09.249553+00	Central African Rep.	Central African Republic	Sovereign country	140	CT	Africa	5. Low income	7. Least developed region	Middle Africa	Africa
44	2024-09-11 16:16:09.249553+00	Canada	Canada	Sovereign country	124	CA	North America	1. High income: OECD	1. Developed region: G7	Northern America	North-America
45	2024-09-11 16:16:09.249553+00	Switzerland	Switzerland	Sovereign country	756	SZ	Europe	1. High income: OECD	2. Developed region: nonG7	Western Europe	Europe
46	2024-09-11 16:16:09.249553+00	Chile	Chile	Sovereign country	152	CI	South America	3. Upper middle income	5. Emerging region: G20	South America	South-America
47	2024-09-11 16:16:09.249553+00	China	China	Country	156	CH	Asia	3. Upper middle income	3. Emerging region: BRIC	Eastern Asia	East-n-Southeast-Asia
48	2024-09-11 16:16:09.249553+00	Côte d'Ivoire	Côte d'Ivoire	Sovereign country	384	IV	Africa	4. Lower middle income	6. Developing region	Western Africa	Africa
49	2024-09-11 16:16:09.249553+00	Cameroon	Cameroon	Sovereign country	121	CM	Africa	4. Lower middle income	6. Developing region	Middle Africa	Africa
50	2024-09-11 16:16:09.249553+00	Dem. Rep. Congo	Democratic Republic of the Congo	Sovereign country	180	CF	Africa	5. Low income	7. Least developed region	Middle Africa	Africa
51	2024-09-11 16:16:09.249553+00	Congo	Republic of Congo	Sovereign country	178	CG	Africa	4. Lower middle income	6. Developing region	Middle Africa	Africa
52	2024-09-11 16:16:09.249553+00	Cook Is.	Cook Islands	Dependency	184	CW	Oceania	3. Upper middle income	6. Developing region	Polynesia	Australia-Oceania
53	2024-09-11 16:16:09.249553+00	Colombia	Colombia	Sovereign country	170	CO	South America	3. Upper middle income	6. Developing region	South America	South-America
54	2024-09-11 16:16:09.249553+00	Comoros	Comoros	Sovereign country	174	CN	Africa	5. Low income	7. Least developed region	Eastern Africa	Africa
55	2024-09-11 16:16:09.249553+00	Cape Verde	Cape Verde	Sovereign country	132	CV	Africa	4. Lower middle income	6. Developing region	Western Africa	Africa
56	2024-09-11 16:16:09.249553+00	Costa Rica	Costa Rica	Sovereign country	188	CS	North America	3. Upper middle income	5. Emerging region: G20	Central America	Central-America-n-Caribbean
57	2024-09-11 16:16:09.249553+00	Cuba	Cuba	Sovereign country	192	CU	North America	3. Upper middle income	5. Emerging region: G20	Caribbean	Central-America-n-Caribbean
58	2024-09-11 16:16:09.249553+00	Curaçao	Curaçao	Country	531	UC	North America	2. High income: nonOECD	6. Developing region	Caribbean	Central-America-n-Caribbean
59	2024-09-11 16:16:09.249553+00	Cayman Is.	Cayman Islands	Dependency	136	CJ	North America	2. High income: nonOECD	5. Emerging region: G20	Caribbean	Central-America-n-Caribbean
60	2024-09-11 16:16:09.249553+00	Cyprus	Cyprus	Sovereign country	196	CY	Asia	2. High income: nonOECD	6. Developing region	Western Asia	Europe
61	2024-09-11 16:16:09.249553+00	Czech Rep.	Czech Republic	Sovereign country	203	EZ	Europe	1. High income: OECD	2. Developed region: nonG7	Eastern Europe	Europe
62	2024-09-11 16:16:09.249553+00	Germany	Germany	Sovereign country	276	GM	Europe	1. High income: OECD	1. Developed region: G7	Western Europe	Europe
63	2024-09-11 16:16:09.249553+00	Djibouti	Djibouti	Sovereign country	262	DJ	Africa	4. Lower middle income	7. Least developed region	Eastern Africa	Africa
64	2024-09-11 16:16:09.249553+00	Dominica	Dominica	Sovereign country	212	DO	North America	3. Upper middle income	6. Developing region	Caribbean	Central-America-n-Caribbean
65	2024-09-11 16:16:09.249553+00	Denmark	Denmark	Country	208	DA	Europe	1. High income: OECD	2. Developed region: nonG7	Northern Europe	Europe
66	2024-09-11 16:16:09.249553+00	Dominican Rep.	Dominican Republic	Sovereign country	214	DR	North America	3. Upper middle income	6. Developing region	Caribbean	Central-America-n-Caribbean
67	2024-09-11 16:16:09.249553+00	Algeria	Algeria	Sovereign country	012	AG	Africa	3. Upper middle income	6. Developing region	Northern Africa	Africa
68	2024-09-11 16:16:09.249553+00	Ecuador	Ecuador	Sovereign country	218	EC	South America	3. Upper middle income	6. Developing region	South America	South-America
69	2024-09-11 16:16:09.249553+00	Egypt	Egypt	Sovereign country	818	EG	Africa	4. Lower middle income	5. Emerging region: G20	Northern Africa	Africa
70	2024-09-11 16:16:09.249553+00	Eritrea	Eritrea	Sovereign country	232	ER	Africa	5. Low income	7. Least developed region	Eastern Africa	Africa
71	2024-09-11 16:16:09.249553+00	W. Sahara	Western Sahara	Indeterminate	732	WI	Africa	5. Low income	7. Least developed region	Northern Africa	Africa
72	2024-09-11 16:16:09.249553+00	Spain	Spain	Sovereign country	724	SP	Europe	1. High income: OECD	2. Developed region: nonG7	Southern Europe	Europe
73	2024-09-11 16:16:09.249553+00	Estonia	Estonia	Sovereign country	233	EN	Europe	1. High income: OECD	2. Developed region: nonG7	Northern Europe	Europe
74	2024-09-11 16:16:09.249553+00	Ethiopia	Ethiopia	Sovereign country	231	ET	Africa	5. Low income	7. Least developed region	Eastern Africa	Africa
75	2024-09-11 16:16:09.249553+00	Finland	Finland	Country	246	FI	Europe	1. High income: OECD	2. Developed region: nonG7	Northern Europe	Europe
76	2024-09-11 16:16:09.249553+00	Fiji	Fiji	Sovereign country	242	FJ	Oceania	4. Lower middle income	6. Developing region	Melanesia	Australia-Oceania
77	2024-09-11 16:16:09.249553+00	Falkland Is.	Falkland Islands	Dependency	238	FK	South America	1. High income: OECD	2. Developed region: nonG7	South America	South-America
78	2024-09-11 16:16:09.249553+00	France	France	Country	250	FR	Europe	1. High income: OECD	1. Developed region: G7	Western Europe	Europe
79	2024-09-11 16:16:09.249553+00	Faeroe Is.	Faeroe Islands	Dependency	234	FO	Europe	2. High income: nonOECD	2. Developed region: nonG7	Northern Europe	Europe
80	2024-09-11 16:16:09.249553+00	Micronesia	Federated States of Micronesia	Sovereign country	583	FM	Oceania	4. Lower middle income	6. Developing region	Micronesia	Australia-Oceania
81	2024-09-11 16:16:09.249553+00	Gabon	Gabon	Sovereign country	266	GB	Africa	3. Upper middle income	6. Developing region	Middle Africa	Africa
82	2024-09-11 16:16:09.249553+00	United Kingdom	United Kingdom	Country	826	UK	Europe	1. High income: OECD	1. Developed region: G7	Northern Europe	Europe
83	2024-09-11 16:16:09.249553+00	Georgia	Georgia	Sovereign country	268	GG	Asia	4. Lower middle income	6. Developing region	Western Asia	Middle-East
84	2024-09-11 16:16:09.249553+00	Guernsey	Guernsey	Country	831	GK	Europe	2. High income: nonOECD	2. Developed region: nonG7	Northern Europe	Europe
85	2024-09-11 16:16:09.249553+00	Ghana	Ghana	Sovereign country	288	GH	Africa	4. Lower middle income	6. Developing region	Western Africa	Africa
86	2024-09-11 16:16:09.249553+00	Guinea	Guinea	Sovereign country	324	GV	Africa	5. Low income	7. Least developed region	Western Africa	Africa
87	2024-09-11 16:16:09.249553+00	Gambia	The Gambia	Sovereign country	270	GA	Africa	5. Low income	7. Least developed region	Western Africa	Africa
88	2024-09-11 16:16:09.249553+00	Guinea-Bissau	Guinea-Bissau	Sovereign country	624	PU	Africa	5. Low income	7. Least developed region	Western Africa	Africa
89	2024-09-11 16:16:09.249553+00	Eq. Guinea	Equatorial Guinea	Sovereign country	226	EK	Africa	2. High income: nonOECD	7. Least developed region	Middle Africa	Africa
90	2024-09-11 16:16:09.249553+00	Greece	Greece	Sovereign country	300	GR	Europe	1. High income: OECD	2. Developed region: nonG7	Southern Europe	Europe
91	2024-09-11 16:16:09.249553+00	Grenada	Grenada	Sovereign country	308	GJ	North America	3. Upper middle income	6. Developing region	Caribbean	Central-America-n-Caribbean
92	2024-09-11 16:16:09.249553+00	Greenland	Greenland	Country	304	GL	North America	2. High income: nonOECD	2. Developed region: nonG7	Northern America	North-America
93	2024-09-11 16:16:09.249553+00	Guatemala	Guatemala	Sovereign country	321	GT	North America	4. Lower middle income	6. Developing region	Central America	Central-America-n-Caribbean
94	2024-09-11 16:16:09.249553+00	Guam	Guam	Dependency	316	GQ	Oceania	2. High income: nonOECD	6. Developing region	Micronesia	Australia-Oceania
95	2024-09-11 16:16:09.249553+00	Guyana	Guyana	Sovereign country	328	GY	South America	4. Lower middle income	6. Developing region	South America	South-America
96	2024-09-11 16:16:09.249553+00	Hong Kong	Hong Kong	Country	344	HK	Asia	2. High income: nonOECD	6. Developing region	Eastern Asia	East-n-Southeast-Asia
97	2024-09-11 16:16:09.249553+00	Heard I. and McDonald Is.	Heard I. and McDonald Islands	Dependency	334	HM	Seven seas (open ocean)	5. Low income	7. Least developed region	Seven seas (open ocean)	Antarctica
98	2024-09-11 16:16:09.249553+00	Honduras	Honduras	Sovereign country	340	HO	North America	4. Lower middle income	6. Developing region	Central America	Central-America-n-Caribbean
99	2024-09-11 16:16:09.249553+00	Croatia	Croatia	Sovereign country	191	HR	Europe	2. High income: nonOECD	2. Developed region: nonG7	Southern Europe	Europe
100	2024-09-11 16:16:09.249553+00	Haiti	Haiti	Sovereign country	332	HA	North America	5. Low income	7. Least developed region	Caribbean	Central-America-n-Caribbean
101	2024-09-11 16:16:09.249553+00	Hungary	Hungary	Sovereign country	348	HU	Europe	1. High income: OECD	2. Developed region: nonG7	Eastern Europe	Europe
102	2024-09-11 16:16:09.249553+00	Indonesia	Indonesia	Sovereign country	361	ID	Asia	4. Lower middle income	4. Emerging region: MIKT	South-Eastern Asia	East-n-Southeast-Asia
103	2024-09-11 16:16:09.249553+00	Isle of Man	Isle of Man	Country	833	IM	Europe	2. High income: nonOECD	2. Developed region: nonG7	Northern Europe	Europe
104	2024-09-11 16:16:09.249553+00	India	India	Sovereign country	356	IN	Asia	4. Lower middle income	3. Emerging region: BRIC	Southern Asia	South-Asia
105	2024-09-11 16:16:09.249553+00	Br. Indian Ocean Ter.	British Indian Ocean Territory	Dependency	86	IO	Seven seas (open ocean)	2. High income: nonOECD	2. Developed region: nonG7	Seven seas (open ocean)	South-Asia
106	2024-09-11 16:16:09.249553+00	Ireland	Ireland	Sovereign country	372	EI	Europe	1. High income: OECD	2. Developed region: nonG7	Northern Europe	Europe
107	2024-09-11 16:16:09.249553+00	Iran	Iran	Sovereign country	364	IR	Asia	3. Upper middle income	5. Emerging region: G20	Southern Asia	Middle-East
108	2024-09-11 16:16:09.249553+00	Iraq	Iraq	Sovereign country	368	IZ	Asia	4. Lower middle income	6. Developing region	Western Asia	Middle-East
109	2024-09-11 16:16:09.249553+00	Iceland	Iceland	Sovereign country	352	IC	Europe	1. High income: OECD	2. Developed region: nonG7	Northern Europe	Europe
110	2024-09-11 16:16:09.249553+00	Israel	Israel	Sovereign country	376	IS	Asia	1. High income: OECD	2. Developed region: nonG7	Western Asia	Middle-East
111	2024-09-11 16:16:09.249553+00	Italy	Italy	Sovereign country	380	IT	Europe	1. High income: OECD	1. Developed region: G7	Southern Europe	Europe
112	2024-09-11 16:16:09.249553+00	Jamaica	Jamaica	Sovereign country	388	JM	North America	3. Upper middle income	6. Developing region	Caribbean	Central-America-n-Caribbean
113	2024-09-11 16:16:09.249553+00	Jersey	Jersey	Country	832	JE	Europe	2. High income: nonOECD	2. Developed region: nonG7	Northern Europe	Europe
114	2024-09-11 16:16:09.249553+00	Jordan	Jordan	Sovereign country	401	JO	Asia	3. Upper middle income	6. Developing region	Western Asia	Middle-East
115	2024-09-11 16:16:09.249553+00	Japan	Japan	Sovereign country	392	JA	Asia	1. High income: OECD	1. Developed region: G7	Eastern Asia	East-n-Southeast-Asia
116	2024-09-11 16:16:09.249553+00	Kazakhstan	Kazakhstan	Sovereign country	398	KZ	Asia	3. Upper middle income	6. Developing region	Central Asia	Central Asia
117	2024-09-11 16:16:09.249553+00	Kenya	Kenya	Sovereign country	404	KE	Africa	5. Low income	5. Emerging region: G20	Eastern Africa	Africa
118	2024-09-11 16:16:09.249553+00	Kyrgyzstan	Kyrgyzstan	Sovereign country	417	KG	Asia	5. Low income	6. Developing region	Central Asia	Central Asia
119	2024-09-11 16:16:09.249553+00	Cambodia	Cambodia	Sovereign country	116	CB	Asia	5. Low income	7. Least developed region	South-Eastern Asia	East-n-Southeast-Asia
120	2024-09-11 16:16:09.249553+00	Kiribati	Kiribati	Sovereign country	296	KR	Oceania	4. Lower middle income	7. Least developed region	Micronesia	Australia-Oceania
121	2024-09-11 16:16:09.249553+00	St. Kitts and Nevis	Saint Kitts and Nevis	Sovereign country	659	SC	North America	2. High income: nonOECD	6. Developing region	Caribbean	Central-America-n-Caribbean
122	2024-09-11 16:16:09.249553+00	South Korea	Republic of Korea	Sovereign country	410	KS	Asia	1. High income: OECD	4. Emerging region: MIKT	Eastern Asia	East-n-Southeast-Asia
123	2024-09-11 16:16:09.249553+00	Kuwait	Kuwait	Sovereign country	414	KU	Asia	2. High income: nonOECD	6. Developing region	Western Asia	Middle-East
124	2024-09-11 16:16:09.249553+00	Lao PDR	Lao PDR	Sovereign country	418	LA	Asia	4. Lower middle income	7. Least developed region	South-Eastern Asia	East-n-Southeast-Asia
125	2024-09-11 16:16:09.249553+00	Lebanon	Lebanon	Sovereign country	422	LE	Asia	3. Upper middle income	6. Developing region	Western Asia	Middle-East
126	2024-09-11 16:16:09.249553+00	Liberia	Liberia	Sovereign country	430	LI	Africa	5. Low income	7. Least developed region	Western Africa	Africa
127	2024-09-11 16:16:09.249553+00	Libya	Libya	Sovereign country	434	LY	Africa	3. Upper middle income	6. Developing region	Northern Africa	Africa
128	2024-09-11 16:16:09.249553+00	Saint Lucia	Saint Lucia	Sovereign country	662	ST	North America	3. Upper middle income	6. Developing region	Caribbean	Central-America-n-Caribbean
129	2024-09-11 16:16:09.249553+00	Liechtenstein	Liechtenstein	Sovereign country	438	LS	Europe	2. High income: nonOECD	2. Developed region: nonG7	Western Europe	Europe
130	2024-09-11 16:16:09.249553+00	Sri Lanka	Sri Lanka	Sovereign country	144	CE	Asia	4. Lower middle income	6. Developing region	Southern Asia	South-Asia
131	2024-09-11 16:16:09.249553+00	Lesotho	Lesotho	Sovereign country	426	LT	Africa	4. Lower middle income	7. Least developed region	Southern Africa	Africa
132	2024-09-11 16:16:09.249553+00	Lithuania	Lithuania	Sovereign country	441	LH	Europe	3. Upper middle income	2. Developed region: nonG7	Northern Europe	Europe
133	2024-09-11 16:16:09.249553+00	Luxembourg	Luxembourg	Sovereign country	442	LU	Europe	1. High income: OECD	2. Developed region: nonG7	Western Europe	Europe
134	2024-09-11 16:16:09.249553+00	Latvia	Latvia	Sovereign country	428	LG	Europe	3. Upper middle income	2. Developed region: nonG7	Northern Europe	Europe
135	2024-09-11 16:16:09.249553+00	Macau	Macao	Country	446	MC	Asia	2. High income: nonOECD	6. Developing region	Eastern Asia	East-n-Southeast-Asia
136	2024-09-11 16:16:09.249553+00	St-Martin	Saint-Martin	Dependency	663	RN	North America	2. High income: nonOECD	6. Developing region	Caribbean	Central-America-n-Caribbean
137	2024-09-11 16:16:09.249553+00	Morocco	Morocco	Sovereign country	504	MO	Africa	4. Lower middle income	6. Developing region	Northern Africa	Africa
138	2024-09-11 16:16:09.249553+00	Monaco	Monaco	Sovereign country	492	MN	Europe	2. High income: nonOECD	2. Developed region: nonG7	Western Europe	Europe
139	2024-09-11 16:16:09.249553+00	Moldova	Moldova	Sovereign country	498	MD	Europe	4. Lower middle income	6. Developing region	Eastern Europe	Europe
140	2024-09-11 16:16:09.249553+00	Madagascar	Madagascar	Sovereign country	450	MA	Africa	5. Low income	7. Least developed region	Eastern Africa	Africa
141	2024-09-11 16:16:09.249553+00	Maldives	Maldives	Sovereign country	462	MV	Seven seas (open ocean)	3. Upper middle income	6. Developing region	Southern Asia	South-Asia
142	2024-09-11 16:16:09.249553+00	Mexico	Mexico	Sovereign country	484	MX	North America	3. Upper middle income	4. Emerging region: MIKT	Central America	North-America
143	2024-09-11 16:16:09.249553+00	Marshall Is.	Marshall Islands	Sovereign country	584	RM	Oceania	4. Lower middle income	6. Developing region	Micronesia	Australia-Oceania
144	2024-09-11 16:16:09.249553+00	Macedonia	Macedonia	Sovereign country	807	MK	Europe	3. Upper middle income	6. Developing region	Southern Europe	Europe
145	2024-09-11 16:16:09.249553+00	Mali	Mali	Sovereign country	466	ML	Africa	5. Low income	7. Least developed region	Western Africa	Africa
146	2024-09-11 16:16:09.249553+00	Malta	Malta	Sovereign country	470	MT	Europe	2. High income: nonOECD	2. Developed region: nonG7	Southern Europe	Europe
147	2024-09-11 16:16:09.249553+00	Burma	Myanmar	Sovereign country	104	BM	Asia	5. Low income	7. Least developed region	South-Eastern Asia	East-n-Southeast-Asia
148	2024-09-11 16:16:09.249553+00	Montenegro	Montenegro	Sovereign country	499	MJ	Europe	3. Upper middle income	6. Developing region	Southern Europe  Europe
149	2024-09-11 16:16:09.249553+00	Mongolia	Mongolia	Sovereign country	496	MG	Asia	4. Lower middle income	6. Developing region	Eastern Asia	East-n-Southeast-Asia
150	2024-09-11 16:16:09.249553+00	N. Mariana Is.	Northern Mariana Islands	Dependency	580	CQ	Oceania	2. High income: nonOECD	6. Developing region	Micronesia	Australia-Oceania
151	2024-09-11 16:16:09.249553+00	Mozambique	Mozambique	Sovereign country	508	MZ	Africa	5. Low income	7. Least developed region	Eastern Africa	Africa
152	2024-09-11 16:16:09.249553+00	Mauritania	Mauritania	Sovereign country	478	MR	Africa	5. Low income	7. Least developed region	Western Africa	Africa
153	2024-09-11 16:16:09.249553+00	Montserrat	Montserrat	Dependency	501	MH	North America	4. Lower middle income	6. Developing region	Caribbean	Central-America-n-Caribbean
154	2024-09-11 16:16:09.249553+00	Mauritius	Mauritius	Sovereign country	481	MP	Seven seas (open ocean)	3. Upper middle income	6. Developing region	Eastern Africa	Africa
155	2024-09-11 16:16:09.249553+00	Malawi	Malawi	Sovereign country	454	MI	Africa	5. Low income	7. Least developed region	Eastern Africa	Africa
156	2024-09-11 16:16:09.249553+00	Malaysia	Malaysia	Sovereign country	458	MY	Asia	3. Upper middle income	6. Developing region	South-Eastern Asia	East-n-Southeast-Asia
157	2024-09-11 16:16:09.249553+00	Namibia	Namibia	Sovereign country	516	WA	Africa	3. Upper middle income	6. Developing region	Southern Africa	Africa
158	2024-09-11 16:16:09.249553+00	New Caledonia	New Caledonia	Dependency	540	NC	Oceania	2. High income: nonOECD	6. Developing region	Melanesia	Australia-Oceania
159	2024-09-11 16:16:09.249553+00	Niger	Niger	Sovereign country	562	NG	Africa	5. Low income	7. Least developed region	Western Africa	Africa
160	2024-09-11 16:16:09.249553+00	Norfolk Island	Norfolk Island	Dependency	574	NF	Oceania	4. Lower middle income	6. Developing region	Australia and New Zealand	Australia-Oceania
161	2024-09-11 16:16:09.249553+00	Nigeria	Nigeria	Sovereign country	566	NI	Africa	4. Lower middle income	5. Emerging region: G20	Western Africa	Africa
162	2024-09-11 16:16:09.249553+00	Nicaragua	Nicaragua	Sovereign country	558	NU	North America	4. Lower middle income	6. Developing region	Central America	Central-America-n-Caribbean
163	2024-09-11 16:16:09.249553+00	Niue	Niue	Dependency	570	NE	Oceania	3. Upper middle income	6. Developing region	Polynesia	Australia-Oceania
164	2024-09-11 16:16:09.249553+00	Netherlands	Netherlands	Country	528	NL	Europe	1. High income: OECD	2. Developed region: nonG7	Western Europe	Europe
165	2024-09-11 16:16:09.249553+00	Norway	Norway	Sovereign country	578	NO	Europe	1. High income: OECD	2. Developed region: nonG7	Northern Europe	Europe
166	2024-09-11 16:16:09.249553+00	Nepal	Nepal	Sovereign country	524	NP	Asia	5. Low income	7. Least developed region	Southern Asia	South-Asia
167	2024-09-11 16:16:09.249553+00	Nauru	Nauru	Sovereign country	521	NR	Oceania	4. Lower middle income	6. Developing region	Micronesia	Australia-Oceania
168	2024-09-11 16:16:09.249553+00	New Zealand	New Zealand	Country	554	NZ	Oceania	1. High income: OECD	2. Developed region: nonG7	Australia and New Zealand	Australia-Oceania
169	2024-09-11 16:16:09.249553+00	Oman	Oman	Sovereign country	512	MU	Asia	2. High income: nonOECD	6. Developing region	Western Asia	Middle-East
170	2024-09-11 16:16:09.249553+00	Pakistan	Pakistan	Sovereign country	586	PK	Asia	4. Lower middle income	5. Emerging region: G20	Southern Asia	South-Asia
171	2024-09-11 16:16:09.249553+00	Panama	Panama	Sovereign country	591	PM	North America	3. Upper middle income	6. Developing region	Central America	Central-America-n-Caribbean
172	2024-09-11 16:16:09.249553+00	Pitcairn Is.	Pitcairn Islands	Dependency	612	PC	Oceania	5. Low income	7. Least developed region	Polynesia	Australia-Oceania
173	2024-09-11 16:16:09.249553+00	Peru	Peru	Sovereign country	604	PE	South America	3. Upper middle income	5. Emerging region: G20	South America	South-America
174	2024-09-11 16:16:09.249553+00	Philippines	Philippines	Sovereign country	608	RP	Asia	4. Lower middle income	5. Emerging region: G20	South-Eastern Asia	East-n-Southeast-Asia
175	2024-09-11 16:16:09.249553+00	Palau	Palau	Sovereign country	585	PS	Oceania	3. Upper middle income	6. Developing region	Micronesia	Australia-Oceania
176	2024-09-11 16:16:09.249553+00	Papua New Guinea	Papua New Guinea	Sovereign country	598	PP	Oceania	4. Lower middle income	6. Developing region	Melanesia	East-n-Southeast-Asia
177	2024-09-11 16:16:09.249553+00	Poland	Poland	Sovereign country	616	PL	Europe	1. High income: OECD	2. Developed region: nonG7	Eastern Europe	Europe
178	2024-09-11 16:16:09.249553+00	Puerto Rico	Puerto Rico	Dependency	630	RQ	North America	2. High income: nonOECD	6. Developing region	Caribbean	Central-America-n-Caribbean
179	2024-09-11 16:16:09.249553+00	North Korea	Dem. Rep. Korea	Sovereign country	408	KN	Asia	5. Low income	7. Least developed region	Eastern Asia	East-n-Southeast-Asia
180	2024-09-11 16:16:09.249553+00	Portugal	Portugal	Sovereign country	620	PO	Europe	1. High income: OECD	2. Developed region: nonG7	Southern Europe	Europe
181	2024-09-11 16:16:09.249553+00	Paraguay	Paraguay	Sovereign country	601	PA	South America	4. Lower middle income	5. Emerging region: G20	South America	South-America
182	2024-09-11 16:16:09.249553+00	Palestine	Palestine	Disputed	275	WE	Asia	4. Lower middle income	6. Developing region	Western Asia	Middle-East
183	2024-09-11 16:16:09.249553+00	Fr. Polynesia	French Polynesia	Dependency	258	FP	Oceania	2. High income: nonOECD	6. Developing region	Polynesia	Australia-Oceania
184	2024-09-11 16:16:09.249553+00	Qatar	Qatar	Sovereign country	634	QA	Asia	2. High income: nonOECD	6. Developing region	Western Asia	Middle-East
185	2024-09-11 16:16:09.249553+00	Romania	Romania	Sovereign country	642	RO	Europe	3. Upper middle income	2. Developed region: nonG7	Eastern Europe	Europe
186	2024-09-11 16:16:09.249553+00	Russia	Russian Federation	Sovereign country	643	RS	Europe	3. Upper middle income	3. Emerging region: BRIC	Eastern Europe	Central-Asia
187	2024-09-11 16:16:09.249553+00	Rwanda	Rwanda	Sovereign country	646	RW	Africa	5. Low income	7. Least developed region	Eastern Africa	Africa
188	2024-09-11 16:16:09.249553+00	Saudi Arabia	Saudi Arabia	Sovereign country	682	SA	Asia	2. High income: nonOECD	2. Developed region: nonG7	Western Asia	Middle-East
189	2024-09-11 16:16:09.249553+00	Sudan	Sudan	Sovereign country	729	SU	Africa	4. Lower middle income	6. Developing region	Northern Africa	Africa
190	2024-09-11 16:16:09.249553+00	Senegal	Senegal	Sovereign country	686	SG	Africa	4. Lower middle income	7. Least developed region	Western Africa	Africa
191	2024-09-11 16:16:09.249553+00	Singapore	Singapore	Sovereign country	702	SN	Asia	2. High income: nonOECD	6. Developing region	South-Eastern Asia	East-n-Southeast-Asia
192	2024-09-11 16:16:09.249553+00	S. Geo. and S. Sandw. Is.	South Georgia and South Sandwich Islands	Dependency	239	SX	Seven seas (open ocean)	5. Low income	7. Least developed region	Seven seas (open ocean)	South-America
193	2024-09-11 16:16:09.249553+00	Saint Helena	Saint Helena	Dependency	654	SH	Seven seas (open ocean)	4. Lower middle income	6. Developing region	Western Africa	Africa
194	2024-09-11 16:16:09.249553+00	Solomon Is.	Solomon Islands	Sovereign country	90	BP	Oceania	4. Lower middle income	7. Least developed region	Melanesia	Australia-Oceania
195	2024-09-11 16:16:09.249553+00	Sierra Leone	Sierra Leone	Sovereign country	694	SL	Africa	5. Low income	7. Least developed region	Western Africa	Africa
196	2024-09-11 16:16:09.249553+00	El Salvador	El Salvador	Sovereign country	222	ES	North America	4. Lower middle income	6. Developing region	Central America	Central-America-n-Caribbean
197	2024-09-11 16:16:09.249553+00	San Marino	San Marino	Sovereign country	674	SM	Europe	2. High income: nonOECD	2. Developed region: nonG7	Southern Europe	Europe
198	2024-09-11 16:16:09.249553+00	Somalia	Somalia	Sovereign country	706	SO	Africa	5. Low income	7. Least developed region	Eastern Africa	Africa
199	2024-09-11 16:16:09.249553+00	St. Pierre and Miquelon	Saint Pierre and Miquelon	Dependency	666	SB	North America	3. Upper middle income	2. Developed region: nonG7	Northern America	North-America
200	2024-09-11 16:16:09.249553+00	Serbia	Serbia	Sovereign country	688	RI	Europe	3. Upper middle income	6. Developing region	Southern Europe	Europe
201	2024-09-11 16:16:09.249553+00	S. Sudan	South Sudan	Sovereign country	728	OD	Africa	5. Low income	7. Least developed region	Eastern Africa	Africa
202	2024-09-11 16:16:09.249553+00	São Tomé and Principe	São Tomé and Principe	Sovereign country	678	TP	Africa	4. Lower middle income	7. Least developed region	Middle Africa	Africa
203	2024-09-11 16:16:09.249553+00	Suriname	Suriname	Sovereign country	740	NS	South America	3. Upper middle income	6. Developing region	South America	South-America
204	2024-09-11 16:16:09.249553+00	Slovakia	Slovakia	Sovereign country	703	LO	Europe	1. High income: OECD	2. Developed region: nonG7	Eastern Europe	Europe
205	2024-09-11 16:16:09.249553+00	Slovenia	Slovenia	Sovereign country	705	SI	Europe	1. High income: OECD	2. Developed region: nonG7	Southern Europe	Europe
206	2024-09-11 16:16:09.249553+00	Sweden	Sweden	Sovereign country	752	SW	Europe	1. High income: OECD	2. Developed region: nonG7	Northern Europe	Europe
207	2024-09-11 16:16:09.249553+00	Swaziland	Swaziland	Sovereign country	748	WZ	Africa	4. Lower middle income	6. Developing region	Southern Africa	Africa
208	2024-09-11 16:16:09.249553+00	Sint Maarten	Sint Maarten	Country	534	NN	North America	2. High income: nonOECD	6. Developing region	Caribbean	Central-America-n-Caribbean
209	2024-09-11 16:16:09.249553+00	Seychelles	Seychelles	Sovereign country	690	SE	Seven seas (open ocean)	3. Upper middle income	6. Developing region	Eastern Africa	Africa
210	2024-09-11 16:16:09.249553+00	Syria	Syria	Sovereign country	761	SY	Asia	4. Lower middle income	6. Developing region	Western Asia	Middle-East
211	2024-09-11 16:16:09.249553+00	Turks and Caicos Is.	Turks and Caicos Islands	Dependency	796	TK	North America	2. High income: nonOECD	6. Developing region	Caribbean	Central-America-n-Caribbean
212	2024-09-11 16:16:09.249553+00	Chad	Chad	Sovereign country	148	CD	Africa	5. Low income	7. Least developed region	Middle Africa	Africa
213	2024-09-11 16:16:09.249553+00	Togo	Togo	Sovereign country	768	TO	Africa	5. Low income	7. Least developed region	Western Africa	Africa
214	2024-09-11 16:16:09.249553+00	Thailand	Thailand	Sovereign country	764	TH	Asia	3. Upper middle income	5. Emerging region: G20	South-Eastern Asia	East-n-Southeast-Asia
215	2024-09-11 16:16:09.249553+00	Tajikistan	Tajikistan	Sovereign country	762	TI	Asia	5. Low income	6. Developing region	Central Asia	Central Asia
216	2024-09-11 16:16:09.249553+00	Turkmenistan	Turkmenistan	Sovereign country	795	TX	Asia	3. Upper middle income	6. Developing region	Central Asia	Central Asia
217	2024-09-11 16:16:09.249553+00	Timor-Leste	Timor-Leste	Sovereign country	626	TT	Asia	4. Lower middle income	7. Least developed region	South-Eastern Asia	East-n-Southeast-Asia
218	2024-09-11 16:16:09.249553+00	Tonga	Tonga	Sovereign country	776	TN	Oceania	4. Lower middle income	6. Developing region	Polynesia	Australia-Oceania
219	2024-09-11 16:16:09.249553+00	Trinidad and Tobago	Trinidad and Tobago	Sovereign country	780	TD	North America	2. High income: nonOECD	6. Developing region	Caribbean	Central-America-n-Caribbean
220	2024-09-11 16:16:09.249553+00	Tunisia	Tunisia	Sovereign country	788	TS	Africa	3. Upper middle income	6. Developing region	Northern Africa	Africa
221	2024-09-11 16:16:09.249553+00	Turkey	Turkey	Sovereign country	792	TU	Asia	3. Upper middle income	4. Emerging region: MIKT	Western Asia	Middle-East
222	2024-09-11 16:16:09.249553+00	Taiwan	Taiwan	Sovereign country	158	TW	Asia	2. High income: nonOECD	2. Developed region: nonG7	Eastern Asia	East-n-Southeast-Asia
223	2024-09-11 16:16:09.249553+00	Tanzania	Tanzania	Sovereign country	834	TZ	Africa	5. Low income	7. Least developed region	Eastern Africa	Africa
224	2024-09-11 16:16:09.249553+00	Uganda	Uganda	Sovereign country	801	UG	Africa	5. Low income	7. Least developed region	Eastern Africa	Africa
225	2024-09-11 16:16:09.249553+00	Ukraine	Ukraine	Sovereign country	804	UP	Europe	4. Lower middle income	6. Developing region	Eastern Europe	Europe
226	2024-09-11 16:16:09.249553+00	Uruguay	Uruguay	Sovereign country	858	UY	South America	3. Upper middle income	5. Emerging region: G20	South America	South-America
227	2024-09-11 16:16:09.249553+00	United States	United States	Country	841	US	North America	1. High income: OECD	1. Developed region: G7	Northern America	North-America
228	2024-09-11 16:16:09.249553+00	Uzbekistan	Uzbekistan	Sovereign country	861	UZ	Asia	4. Lower middle income	6. Developing region	Central Asia	Central Asia
229	2024-09-11 16:16:09.249553+00	Vatican	Vatican	Sovereign country	336	VT	Europe	2. High income: nonOECD	2. Developed region: nonG7	Southern Europe	Europe
230	2024-09-11 16:16:09.249553+00	St. Vin. and Gren.	Saint Vincent and the Grenadines	Sovereign country	670	VC	North America	3. Upper middle income	6. Developing region	Caribbean	Central-America-n-Caribbean
231	2024-09-11 16:16:09.249553+00	Venezuela	Venezuela	Sovereign country	862	VE	South America	3. Upper middle income	5. Emerging region: G20	South America	South-America
232	2024-09-11 16:16:09.249553+00	British Virgin Is.	British Virgin Islands	Dependency	92	VI	North America	1. High income: OECD	2. Developed region: nonG7	Caribbean	Central-America-n-Caribbean
233	2024-09-11 16:16:09.249553+00	U.S. Virgin Is.	United States Virgin Islands	Dependency	850	VQ	North America	2. High income: nonOECD	6. Developing region	Caribbean	Central-America-n-Caribbean
234	2024-09-11 16:16:09.249553+00	Vietnam	Vietnam	Sovereign country	704	VM	Asia	4. Lower middle income	5. Emerging region: G20	South-Eastern Asia	East-n-Southeast-Asia
235	2024-09-11 16:16:09.249553+00	Vanuatu	Vanuatu	Sovereign country	548	NH	Oceania	4. Lower middle income	7. Least developed region	Melanesia	Australia-Oceania
236	2024-09-11 16:16:09.249553+00	Wallis and Futuna Is.	Wallis and Futuna Islands	Dependency	876	WF	Oceania	4. Lower middle income	6. Developing region	Polynesia	Australia-Oceania
237	2024-09-11 16:16:09.249553+00	Samoa	Samoa	Sovereign country	882	WS	Oceania	4. Lower middle income	7. Least developed region	Polynesia	Australia-Oceania
238	2024-09-11 16:16:09.249553+00	Yemen	Yemen	Sovereign country	887	YM	Asia	4. Lower middle income	7. Least developed region	Western Asia	Middle-East
239	2024-09-11 16:16:09.249553+00	South Africa	South Africa	Sovereign country	710	SF	Africa	3. Upper middle income	5. Emerging region: G20	Southern Africa	Africa
240	2024-09-11 16:16:09.249553+00	Zambia	Zambia	Sovereign country	894	ZA	Africa	4. Lower middle income	7. Least developed region	Eastern Africa	Africa
241	2024-09-11 16:16:09.249553+00	Zimbabwe	Zimbabwe	Sovereign country	716	ZI	Africa	5. Low income	5. Emerging region: G20	Eastern Africa	Africa
